Workbook

Sheet 参数
A1: 期货信号跟踪台 · 2026-10-30 （2026-11-01 早盘）
A3: 账户资金（元） | B3: 1000000 | C3: 纸面账户规模
A4: 组合计划风险上限 | B4: 0.1 | C4: 所有实盘持仓风险预算占比合计上限
A5: 单品种风险上限 | B5: 0.03 | C5: 单品种最大亏损不超过总资金 3%（硬止损）
A6: 同板块同方向上限 | B6: 0.06 | C6: 同一板块同一方向风险预算合计上限
A7: 技术止损倍数（ATR） | B7: 3 | C7: 入场价 ∓ 3×ATR(14)，之后按 3×ATR 移动
A8: 保证金比例（估算） | B8: 0.12 | C8: 假设值，按实际开户比例修改
A9: 相关同组上限 | B9: 0.03 | C9: 同方向、40 日相关 ≥0.8 的品种合计上限
A12: 规则（跟踪台 v2.5）
A13: 手数 = 向下取整(风险预算 ÷ (3×ATR×合约乘数))；计划风险 = |入场−止损|×手数×乘数。
A14: 风险预算% = min(¼凯利, 样本分档上限, 星级上限)：已平<10笔固定1%；10–29笔≤2%；≥30笔≤3%；3星≤3%、2星≤2%、1星只开观察仓。
A15: 组合 ≤10%；同板块同方向 ≤6%；高相关同组 ≤3%；一级宏观事件前单方向 ≤7%。
A16: 入场：收盘信号次日开盘（夜盘第一笔）成交记账；“待成交”的入场价暂为信号日收盘价。
A17: 入场须顺 5 日线（逆势观望）；止损按 3×ATR 移动，不限持有天数（最长 60 日）；同向信号=续持；反向先平后开；将军撤退/大将军转向当天收盘平。
A18: 蓝色=输入值可改；黑色=公式；绿色=引用参数页。仅供参考，不构成投资建议。
A20: 宏观：美债10Y 4.93%（+2bp）｜2Y 4.59%（+2bp）｜10Y−2Y 34bp，熊陡｜美元 101.97（+0.08%）｜金 3884.28（-3.65%）｜银 49.12（-6.23%）｜铜 650.48（-1.48%）｜WTI 102.91（+0.89%）｜布油 113.50（+2.44%）

Sheet 今日建议
A1: 品种 | B1: 代码 | C1: 方向 | D1: 星级 | E1: 动作 | F1: 手数 | G1: 入场价 | H1: 技术止损 | I1: 合约乘数 | J1: 风险预算占比 | K1: 计划风险（元） | L1: 占资金 | M1: 合约货值（元） | N1: 仓位依据 / 不做原因 | O1: 理由
A2: 玻璃 | B2: FG | C2: 多 | D2: ★★ | E2: 开仓 | F2: 20 | G2: 865 | H2: 815.5 | I2: 20 | J2: 0.02 | K2: =IF(F2="","",ABS(G2-H2)*F2*I2) | L2: =IF(K2="","",K2/参数!$B$3) | M2: =IF(F2="","",G2*F2*I2) | N2: ¼凯利超上限，取2% | O2: 将军净3.6%，2个将军
A3: 碳酸锂 | B3: LC | C3: 空 | D3: ★★★ | E3: 续持 | F3: 1 | G3: 88400 | H3: 100671.43 | I3: 1 | J3: 0.02 | K3: =IF(F3="","",ABS(G3-H3)*F3*I3) | L3: =IF(K3="","",K3/参数!$B$3) | M3: =IF(F3="","",G3*F3*I3) | N3: 续持原仓（2026-10-29开） | O3: 将军净-13.7%，4个将军；研报同向（多0/空5）
A4: 热轧卷板 | B4: HC | C4: 空 | D4: ★★★ | E4: 续持 | F4: 17 | G4: 3193 | H4: 3248.57 | I4: 10 | J4: 0.01 | K4: =IF(F4="","",ABS(G4-H4)*F4*I4) | L4: =IF(K4="","",K4/参数!$B$3) | M4: =IF(F4="","",G4*F4*I4) | N4: 续持原仓（2026-10-26开） | O4: 将军净-7.9%，4个将军
A5: 尿素 | B5: UR | C5: 多 | D5: ★★ | E5: 续持 | F5: 10 | G5: 1725 | H5: 1679 | I5: 20 | J5: 0.01 | K5: =IF(F5="","",ABS(G5-H5)*F5*I5) | L5: =IF(K5="","",K5/参数!$B$3) | M5: =IF(F5="","",G5*F5*I5) | N5: 续持原仓（2026-10-29开） | O5: 将军净4.1%，4个将军
A6: PVC | B6: V | C6: 多 | D6: ★★ | E6: 续持 | F6: 16 | G6: 5280 | H6: 5031 | I6: 5 | J6: 0.02 | K6: =IF(F6="","",ABS(G6-H6)*F6*I6) | L6: =IF(K6="","",K6/参数!$B$3) | M6: =IF(F6="","",G6*F6*I6) | N6: 续持原仓（2026-10-29开） | O6: 将军净4.8%，4个将军；研报同向（多2/空0）
A7: 纸浆 | B7: SP | C7: 空 | D7: ★★★ | E7: 观望 | G7: 4614 | I7: 10 | K7: =IF(F7="","",ABS(G7-H7)*F7*I7) | L7: =IF(K7="","",K7/参数!$B$3) | M7: =IF(F7="","",G7*F7*I7) | N7: 逆5日线（收盘在5日线上，不追空） | O7: 将军净-23.1%，4个将军；研报同向（多0/空2）
A8: 生猪 | B8: LH | C8: 空 | D8: ★★★ | E8: 不做 | G8: 9510 | I8: 16 | K8: =IF(F8="","",ABS(G8-H8)*F8*I8) | L8: =IF(K8="","",K8/参数!$B$3) | M8: =IF(F8="","",G8*F8*I8) | N8: 1手风险14091元超过预算10000元 | O8: 小品种独立额度；将军净-12.2%，4个将军
A9: 黄金 | B9: AU | C9: 空 | D9: ★★ | E9: 不做 | G9: 855.18 | I9: 1000 | K9: =IF(F9="","",ABS(G9-H9)*F9*I9) | L9: =IF(K9="","",K9/参数!$B$3) | M9: =IF(F9="","",G9*F9*I9) | N9: 1手风险39129元超过预算20000元 | O9: 将军净-4.1%，4个将军
A10: 锰硅 | B10: SM | C10: 多 | D10: ★★ | E10: 不做 | G10: 5890 | I10: 5 | K10: =IF(F10="","",ABS(G10-H10)*F10*I10) | L10: =IF(K10="","",K10/参数!$B$3) | M10: =IF(F10="","",G10*F10*I10) | N10: 组合风险已近10%，预算缩小 | O10: 将军净1.8%，2个将军；研报同向（多2/空0）
A11: 铁矿石 | B11: I | C11: 空 | D11: ★★ | E11: 不做 | G11: 672 | I11: 100 | K11: =IF(F11="","",ABS(G11-H11)*F11*I11) | L11: =IF(K11="","",K11/参数!$B$3) | M11: =IF(F11="","",G11*F11*I11) | N11: 组合风险已近10%，预算缩小 | O11: 将军净-1.1%，2个将军；研报同向（多1/空5）
I12: 合计（不含观察仓） | J12: =SUMIFS(J2:J11,$E$2:$E$11,"<>观察仓",$E$2:$E$11,"<>不做") | K12: =SUMIFS(K2:K11,$E$2:$E$11,"<>观察仓",$E$2:$E$11,"<>不做") | L12: =SUMIFS(L2:L11,$E$2:$E$11,"<>观察仓",$E$2:$E$11,"<>不做") | M12: =SUMIFS(M2:M11,$E$2:$E$11,"<>观察仓",$E$2:$E$11,"<>不做")

Sheet 当前持仓
A1: 开仓日 | B1: 品种 | C1: 代码 | D1: 方向 | E1: 星级 | F1: 板块 | G1: 状态 | H1: 手数 | I1: 入场价 | J1: 技术止损 | K1: 合约乘数 | L1: 最新收盘 | M1: 风险预算占比 | N1: 计划风险（元） | O1: 浮动盈亏（元） | P1: R倍数 | Q1: 合约货值（元） | R1: 保证金估算（元） | S1: 已持天数 | T1: 观察仓
A2: 2026-10-26 | B2: 热卷 | C2: HC | D2: 空 | E2: ★★★ | F2: 黑色 | G2: 持有 | H2: 17 | I2: 3193 | J2: 3248.57 | K2: 10 | L2: 3170 | M2: 0.01 | N2: =ABS(I2-J2)*H2*K2 | O2: =IF(D2="多",1,-1)*(L2-I2)*H2*K2 | P2: =O2/(M2*参数!$B$3) | Q2: =L2*H2*K2 | R2: =Q2*参数!$B$8 | S2: 0 | T2: 否
A3: 2026-10-26 | B3: 纸浆 | C3: SP | D3: 空 | E3: ★★★ | F3: 软商品 | G3: 持有 | H3: 14 | I3: 4618 | J3: 4759.71 | K3: 10 | L3: 4614 | M3: 0.02 | N3: =ABS(I3-J3)*H3*K3 | O3: =IF(D3="多",1,-1)*(L3-I3)*H3*K3 | P3: =O3/(M3*参数!$B$3) | Q3: =L3*H3*K3 | R3: =Q3*参数!$B$8 | S3: 1 | T3: 否
A4: 2026-10-29 | B4: 碳酸锂 | C4: LC | D4: 空 | E4: ★★★ | F4: 有色 | G4: 持有 | H4: 1 | I4: 88400 | J4: 100671.43 | K4: 1 | L4: 88500 | M4: 0.02 | N4: =ABS(I4-J4)*H4*K4 | O4: =IF(D4="多",1,-1)*(L4-I4)*H4*K4 | P4: =O4/(M4*参数!$B$3) | Q4: =L4*H4*K4 | R4: =Q4*参数!$B$8 | S4: 0 | T4: 否
A5: 2026-10-29 | B5: 尿素 | C5: UR | D5: 多 | E5: ★★★ | F5: 建材 | G5: 持有 | H5: 10 | I5: 1725 | J5: 1679 | K5: 20 | L5: 1736 | M5: 0.01 | N5: =ABS(I5-J5)*H5*K5 | O5: =IF(D5="多",1,-1)*(L5-I5)*H5*K5 | P5: =O5/(M5*参数!$B$3) | Q5: =L5*H5*K5 | R5: =Q5*参数!$B$8 | S5: 0 | T5: 否
A6: 2026-10-29 | B6: PVC | C6: V | D6: 多 | E6: ★★★ | F6: 化工 | G6: 持有 | H6: 16 | I6: 5280 | J6: 5031 | K6: 5 | L6: 5290 | M6: 0.02 | N6: =ABS(I6-J6)*H6*K6 | O6: =IF(D6="多",1,-1)*(L6-I6)*H6*K6 | P6: =O6/(M6*参数!$B$3) | Q6: =L6*H6*K6 | R6: =Q6*参数!$B$8 | S6: 0 | T6: 否
A7: 2026-10-30 | B7: 玻璃 | C7: FG | D7: 多 | E7: ★★ | F7: 建材 | G7: 待成交 | H7: 20 | I7: 865 | J7: 815.5 | K7: 20 | L7: 865 | M7: 0.02 | N7: =ABS(I7-J7)*H7*K7 | O7: =IF(D7="多",1,-1)*(L7-I7)*H7*K7 | P7: =O7/(M7*参数!$B$3) | Q7: =L7*H7*K7 | R7: =Q7*参数!$B$8 | S7: 0 | T7: 否
A8: 2026-10-27 | B8: 氧化铝 | C8: AO | D8: 空 | E8: ★ | F8: 有色 | G8: 观察仓 | H8: 5 | I8: 2563 | J8: 2649 | K8: 20 | L8: 2607 | M8: 0.01 | N8: =ABS(I8-J8)*H8*K8 | O8: =IF(D8="多",1,-1)*(L8-I8)*H8*K8 | P8: =O8/(M8*参数!$B$3) | Q8: =L8*H8*K8 | R8: =Q8*参数!$B$8 | S8: 3 | T8: 是
A9: 2026-10-27 | B9: 菜油 | C9: OI | D9: 空 | E9: ★ | F9: 农产品 | G9: 观察仓 | H9: 3 | I9: 10202 | J9: 10529.71 | K9: 10 | L9: 10340 | M9: 0.01 | N9: =ABS(I9-J9)*H9*K9 | O9: =IF(D9="多",1,-1)*(L9-I9)*H9*K9 | P9: =O9/(M9*参数!$B$3) | Q9: =L9*H9*K9 | R9: =Q9*参数!$B$8 | S9: 3 | T9: 是
L10: 合计（实盘） | M10: =SUMIF($T$2:$T$9,"否",M2:M9) | N10: =SUMIF($T$2:$T$9,"否",N2:N9) | O10: =SUMIF($T$2:$T$9,"否",O2:O9) | Q10: =SUMIF($T$2:$T$9,"否",Q2:Q9) | R10: =SUMIF($T$2:$T$9,"否",R2:R9)
L11: 组合上限 | M11: =参数!$B$4
L12: 剩余空间 | M12: =M11-M10
L13: 空单风险预算 | M13: =SUMIFS(M2:M9,D2:D9,"空",T2:T9,"否")
L14: 多单风险预算 | M14: =SUMIFS(M2:M9,D2:D9,"多",T2:T9,"否")
L15: 货值杠杆（倍） | Q15: =Q10/参数!$B$3
L16: 保证金占资金 | R16: =R10/参数!$B$3
A19: 板块风险（实盘，按方向）
A20: 板块 | B20: 方向 | C20: 风险预算占比 | D20: 计划风险（元）
A21: 化工 | B21: 多 | C21: =SUMIFS($M$2:$M$9,$F$2:$F$9,A21,$D$2:$D$9,B21,$T$2:$T$9,"否") | D21: =SUMIFS($N$2:$N$9,$F$2:$F$9,A21,$D$2:$D$9,B21,$T$2:$T$9,"否")
A22: 建材 | B22: 多 | C22: =SUMIFS($M$2:$M$9,$F$2:$F$9,A22,$D$2:$D$9,B22,$T$2:$T$9,"否") | D22: =SUMIFS($N$2:$N$9,$F$2:$F$9,A22,$D$2:$D$9,B22,$T$2:$T$9,"否")
A23: 有色 | B23: 空 | C23: =SUMIFS($M$2:$M$9,$F$2:$F$9,A23,$D$2:$D$9,B23,$T$2:$T$9,"否") | D23: =SUMIFS($N$2:$N$9,$F$2:$F$9,A23,$D$2:$D$9,B23,$T$2:$T$9,"否")
A24: 软商品 | B24: 空 | C24: =SUMIFS($M$2:$M$9,$F$2:$F$9,A24,$D$2:$D$9,B24,$T$2:$T$9,"否") | D24: =SUMIFS($N$2:$N$9,$F$2:$F$9,A24,$D$2:$D$9,B24,$T$2:$T$9,"否")
A25: 黑色 | B25: 空 | C25: =SUMIFS($M$2:$M$9,$F$2:$F$9,A25,$D$2:$D$9,B25,$T$2:$T$9,"否") | D25: =SUMIFS($N$2:$N$9,$F$2:$F$9,A25,$D$2:$D$9,B25,$T$2:$T$9,"否")
A27: R倍数 = 浮动盈亏 ÷ 风险预算。“待成交”行的入场价是信号日收盘价，次日按开盘价成交后更新。保证金按参数页比例粗估。

Sheet 当日平仓
A1: 开仓日 | B1: 平仓日 | C1: 品种 | D1: 代码 | E1: 方向 | F1: 星级 | G1: 手数 | H1: 入场价 | I1: 平仓价 | J1: 合约乘数 | K1: 风险预算（元） | L1: 盈亏（元） | M1: R倍数 | N1: 平仓原因 | O1: 观察仓
A2: 2026-10-27 | B2: 2026-10-30 | C2: 沪镍 | D2: NI | E2: 空 | F2: ★★ | G2: 4 | H2: 118130 | I2: 117190 | J2: 1 | K2: 20000 | L2: =IF(E2="多",1,-1)*(I2-H2)*G2*J2 | M2: =L2/K2 | N2: 将军撤退 | O2: 否
K3: 合计（实盘） | L3: =SUMIF(O2:O2,"否",L2:L2)

Sheet 已平记录
A1: 开仓日 | B1: 平仓日 | C1: 品种 | D1: 代码 | E1: 方向 | F1: 星级 | G1: 手数 | H1: 入场价 | I1: 平仓价 | J1: 合约乘数 | K1: 风险预算（元） | L1: 盈亏（元） | M1: R倍数 | N1: 平仓原因 | O1: 观察仓
A2: 2026-10-27 | B2: 2026-10-30 | C2: 沪镍 | D2: NI | E2: 空 | F2: ★★ | G2: 4 | H2: 118130 | I2: 117190 | J2: 1 | K2: 20000 | L2: =IF(E2="多",1,-1)*(I2-H2)*G2*J2 | M2: =L2/K2 | N2: 将军撤退 | O2: 否
A3: 2026-10-26 | B3: 2026-10-29 | C3: 塑料 | D3: L | E3: 多 | F3: ★★★ | G3: 7 | H3: 9149 | I3: 9363 | J3: 5 | K3: 20000 | L3: =IF(E3="多",1,-1)*(I3-H3)*G3*J3 | M3: =L3/K3 | N3: 将军撤退 | O3: 否
A4: 2026-10-22 | B4: 2026-10-29 | C4: 碳酸锂 | D4: LC | E4: 空 | F4: ★★★ | G4: 1 | H4: 94180 | I4: 88360 | J4: 1 | K4: 20000 | L4: =IF(E4="多",1,-1)*(I4-H4)*G4*J4 | M4: =L4/K4 | N4: 满3日 | O4: 否
A5: 2026-10-26 | B5: 2026-10-27 | C5: 螺纹 | D5: RB | E5: 空 | F5: ★★★ | G5: 37 | H5: 3037 | I5: 3040 | J5: 10 | K5: 20000 | L5: =IF(E5="多",1,-1)*(I5-H5)*G5*J5 | M5: =L5/K5 | N5: 将军撤退+大将军转向 | O5: 否
A6: 2026-10-22 | B6: 2026-10-27 | C6: 铁矿 | D6: I | E6: 空 | F6: ★★★ | G6: 4 | H6: 669 | I6: 664 | J6: 100 | K6: 10000 | L6: =IF(E6="多",1,-1)*(I6-H6)*G6*J6 | M6: =L6/K6 | N6: 大将军转向 | O6: 否
A7: 2026-10-23 | B7: 2026-10-26 | C7: 燃料油 | D7: FU | E7: 多 | F7: ★★★ | G7: 3 | H7: 5139 | I7: 5295 | J7: 10 | K7: 20000 | L7: =IF(E7="多",1,-1)*(I7-H7)*G7*J7 | M7: =L7/K7 | N7: 将军撤退 | O7: 否
A8: 2026-10-22 | B8: 2026-10-26 | C8: 沪银 | D8: AG | E8: 空 | F8: ★★★ | G8: 1 | H8: 13608 | I8: 13040 | J8: 15 | K8: 20000 | L8: =IF(E8="多",1,-1)*(I8-H8)*G8*J8 | M8: =L8/K8 | N8: 将军撤退+大将军转向 | O8: 否
A9: 2026-10-21 | B9: 2026-10-26 | C9: 烧碱 | D9: SH | E9: 空 | F9: ★★★ | G9: 4 | H9: 1682 | I9: 1512 | J9: 30 | K9: 10000 | L9: =IF(E9="多",1,-1)*(I9-H9)*G9*J9 | M9: =L9/K9 | N9: 大将军转向 | O9: 否
A10: 2026-10-20 | B10: 2026-10-26 | C10: 硅铁 | D10: SF | E10: 空 | F10: ★★★ | G10: 11 | H10: 5812 | I10: 5828 | J10: 5 | K10: 10000 | L10: =IF(E10="多",1,-1)*(I10-H10)*G10*J10 | M10: =L10/K10 | N10: 满3日 | O10: 否
A11: 2026-10-12 | B11: 2026-10-26 | C11: 玻璃 | D11: FG | E11: 空 | F11: ★★★ | G11: 14 | H11: 863 | I11: 838 | J11: 20 | K11: 10000 | L11: =IF(E11="多",1,-1)*(I11-H11)*G11*J11 | M11: =L11/K11 | N11: 满3日 | O11: 否
A12: 2026-10-20 | B12: 2026-10-23 | C12: 纯碱 | D12: SA | E12: 空 | F12: ★★★ | G12: 10 | H12: 938 | I12: 963 | J12: 20 | K12: 10000 | L12: =IF(E12="多",1,-1)*(I12-H12)*G12*J12 | M12: =L12/K12 | N12: 满3日 | O12: 否
A13: 2026-10-19 | B13: 2026-10-23 | C13: 纸浆 | D13: SP | E13: 空 | F13: ★★ | G13: 6 | H13: 4728 | I13: 4648 | J13: 10 | K13: 10000 | L13: =IF(E13="多",1,-1)*(I13-H13)*G13*J13 | M13: =L13/K13 | N13: 满3日 | O13: 否
... A29: 2026-10-12 | B29: 2026-10-15 | C29: 沥青 | D29: BU | E29: 多 | F29: ★ | G29: 1 | H29: 4532 | I29: 4510 | J29: 10 | K29: 10000 | L29: =IF(E29="多",1,-1)*(I29-H29)*G29*J29 | M29: =L29/K29 | N29: 满3日（更正：原记“跳空止损 −11.9%”是 10/14 主力由 BU2611 换到 BU2701 造成的假跌；入场价按换月价差 −579 由 5111 调为 4532） | O29: 是
K30: 合计（实盘） | L30: =SUMIF(O2:O29,"否",L2:L29)

Sheet 凯利统计
A1: ¼ 凯利仓位计算（2 星及以上已平仓，按 R 倍数）
A2: # | B2: 交易 | C2: 星级 | D2: R倍数
A3: 1 | B3: PVC空 10-12 | C3: 2 | D3: 0.38 | F3: 已平笔数 n | G3: =COUNT(D3:D24)
A4: 2 | B4: 生猪空 10-12 | C4: 2 | D4: 1.07 | F4: 盈利笔数 | G4: =COUNTIF(D3:D24,">0")
A5: 3 | B5: 聚丙烯多 10-12 | C5: 2 | D5: -0.09 | F5: 胜率 p | G5: =IF(G3=0,0,G4/G3)
A6: 4 | B6: 沥青多 10-15 | C6: 2 | D6: -0.11 | F6: 平均盈利 R | G6: =IFERROR(AVERAGEIF(D3:D24,">0"),0)
A7: 5 | B7: 纯碱空 10-12 | C7: 3 | D7: 1.03 | F7: 平均亏损 R | G7: =IFERROR(-AVERAGEIF(D3:D24,"<=0"),0)
A8: 6 | B8: 燃料油多 10-12 | C8: 2 | D8: 0.4 | F8: 盈亏比 b | G8: =IF(G7=0,0,G6/G7)
A9: 7 | B9: 沥青空 10-19 | C9: 2 | D9: -0.14 | F9: 凯利 f* = p−(1−p)/b | G9: =IF(G8=0,G5,G5-(1-G5)/G8)
A10: 8 | B10: 苯乙烯多 10-19 | C10: 3 | D10: 0.44 | F10: ¼ 凯利 | G10: =G9/4
A11: 9 | B11: 鸡蛋空 10-19 | C11: 2 | D11: 0.28 | F11: 样本分档上限 | G11: =IF(G3<10,0.01,IF(G3<30,0.02,参数!$B$5))
A12: 10 | B12: 生猪空 10-19 | C12: 2 | D12: 0.57 | F12: 3 星上限 | G12: 0.03
A13: 11 | B13: 纸浆空 10-19 | C13: 2 | D13: 0.48 | F13: 2 星上限 | G13: 0.02
A14: 12 | B14: 纯碱空 10-20 | C14: 3 | D14: -0.5 | F14: 3 星建议风险 | G14: =IF(G3<10,0.01,IF(G9<=0,0,MIN(G10,G11,G12)))
A15: 13 | B15: 玻璃空 10-12 | C15: 3 | D15: 0.7 | F15: 2 星建议风险 | G15: =IF(G3<10,0.01,IF(G9<=0,0,MIN(G10,G11,G13)))
A16: 14 | B16: 硅铁空 10-20 | C16: 3 | D16: -0.09
A17: 15 | B17: 烧碱空 10-21 | C17: 3 | D17: 2.04 | F17: 不含 1 星观察仓（含凯利≤0 时的影子仓）。星级分组不足 10 笔时，跟踪台借用 2 星及以上合并统计。
A18: 16 | B18: 沪银空 10-22 | C18: 3 | D18: 0.43
A19: 17 | B19: 燃料油多 10-23 | C19: 3 | D19: 0.23
A20: 18 | B20: 铁矿空 10-22 | C20: 3 | D20: 0.2
A21: 19 | B21: 螺纹空 10-26 | C21: 3 | D21: -0.06
A22: 20 | B22: 碳酸锂空 10-22 | C22: 3 | D22: 0.29
A23: 21 | B23: 塑料多 10-26 | C23: 3 | D23: 0.37
A24: 22 | B24: 沪镍空 10-27 | C24: 2 | D24: 0.19
